{"cameraMode":{"drawMode":0,"name":"Shaded","section":"Shading Mode"},"sceneLighting":true,"audioPlay":false,"sceneViewState":{"m_AlwaysRefresh":false,"showFog":true,"showSkybox":true,"showFlares":true,"showImageEffects":true,"showParticleSystems":true,"showVisualEffectGraphs":true,"m_FxEnabled":true},"in2DMode":false,"pivot":{"x":-8.881162643432618,"y":2.9641239643096926,"z":4.391507148742676},"rotation":{"x":-0.005776919424533844,"y":-0.25631433725357058,"z":-0.0015848870389163495,"w":0.9666510224342346},"size":2.8816113471984865,"orthographic":false}